"Model","AUC"
"RF Structural",0.615054901936394
"LR Structural",0.595716090774222
"RF Sponsor",0.675617982744217
"LR Sponsor",0.651909073401825
"XGBoost",0.67930954767708
"LightGBM",0.680466582052929
