"Model","AUC"
"RF Structural",0.605311084617541
"LR Structural",0.586725026024315
"RF Sponsor",0.658466779137534
"LR Sponsor",0.64165525746013
"XGBoost",0.663643387284935
"LightGBM",0.66781954171815
