"AUC_Baseline","AUC_Sponsor_Model","AUC_Difference","CI_Base_Lower","CI_Base_Upper","CI_Sponsor_Lower","CI_Sponsor_Upper","DeLong_p_value"
0.615054901936394,0.675617982744217,0.0605630808078228,0.607020608186226,0.623089195686563,0.667958784242526,0.683277181245908,5.83245921366953e-46
