"AUC_Baseline","AUC_Sponsor_Model","AUC_Difference","CI_Base_Lower","CI_Base_Upper","CI_Sponsor_Lower","CI_Sponsor_Upper","DeLong_p_value"
0.605311084617541,0.658466779137534,0.0531556945199935,0.597239507124989,0.613382662110093,0.650683187560632,0.666250370714436,5.38034113187754e-36
