"Model","AUC","CI_Lower","CI_Upper","AUC_CI"
"RF Structural",0.615054901936394,0.607020608186226,0.623089195686563,"0.615 (0.607-0.623)"
"RF Sponsor",0.675617982744217,0.667958784242526,0.683277181245908,"0.676 (0.668-0.683)"
"LR Structural",0.595716090774222,0.587606573685202,0.603825607863243,"0.596 (0.588-0.604)"
"LR Sponsor",0.651909073401825,0.644124780247761,0.65969336655589,"0.652 (0.644-0.66)"
"XGBoost",0.67930954767708,0.671659992207366,0.686959103146793,"0.679 (0.672-0.687)"
"LightGBM",0.680466582052929,0.672835581704539,0.688097582401318,"0.68 (0.673-0.688)"
