Predictor,coef,se(coef),Wald_Z,Wald_ChiSq,Pr(>|z|)
TOCI,0.020420155325463485,0.003676455019167047,5.554305769825509,30.850312584716946,2.787172289599889e-8
SGMP,-1.5080077252214912,0.1117880682017914,-13.4898808922912,181.97688648820323,1.7939012095266492e-41
covid_period,0.4494764918684683,0.01406965021291419,31.946529236093216,1020.5807302325586,6.036735419091282e-224
