Predictor,Estimate,Std. Error,Wald_Z,Wald_ChiSq,Pr(>|z|)
(Intercept),2.006846573439386,0.0771529736015562,26.011266705071073,676.5859956023389,3.6928087098057356e-149
TOCI,-0.07592904971327134,0.0056417829536197965,-13.458342927665248,181.1269943586372,2.750146801470442e-41
SGMP,-3.523590752359923,0.18858051890809632,-18.68480780921557,349.12204286732316,6.5815454540126625e-78
covid_period,-0.4511194006932008,0.020229038825620306,-22.300585044201554,497.31609331366604,3.647013167731938e-110
