Predictor,Hazard_Ratio,CI_Lower,CI_Upper,p_value
TOCI,1.0206300731137508,1.0133021324160758,1.0280110075959557,2.787172289599889e-8
SGMP,0.22135053004147007,0.1777978029574697,0.27557178061058435,1.7939012095266492e-41
covid_period,1.5674913761772054,1.5248567697545945,1.6113180353229735,6.036735419091282e-224
