"","chisq","df","p"
"TOCI",16.8668859790506,1,4.00950149413372e-05
"SGMP",51.4019930689602,1,7.52620926679581e-13
"GLOBAL",56.2191387606899,2,6.19682354044421e-13
