"","chisq","df","p"
"TOCI",36.4394911616186,1,1.57479911751852e-09
"SGMP",95.4561788632602,1,1.51201434817267e-22
"covid_period",5.22787745747814,1,0.0222276411980794
"GLOBAL",114.199415370039,3,1.36910970412978e-24
