Predictor,coef,se(coef),Wald_Z,Wald_ChiSq,Pr(>|z|)
TOCI,0.022419704486682717,0.0040009619146808536,5.603578580545194,31.400092908344888,2.0997085730098778e-8
SGMP,-1.3326105637843582,0.12210949206666398,-10.913243034839896,119.0988735374815,9.963719477427098e-28
