mean_delay_days,median_delay_days,sd_delay_days,pct_delayed,mean_TOCI,sd_TOCI,mean_SGMP,sd_SGMP
587.0528530681588,416,392.36521310316704,58.43919013700338,1.424461104443648,1.5076298925574794,0.4156080986299661,0.045941425443281635
