Predictor,Estimate,Std. Error,Wald_Z,Wald_ChiSq,Pr(>|z|)
(Intercept),2.0772420709276704,0.08600347532715846,24.153001527273307,583.3674827764668,6.943657795054073e-129
TOCI,-0.07669739224565778,0.006267533312253824,-12.237253226194207,149.75036652200055,1.9657304382105032e-34
SGMP,-3.6891638973059004,0.21074358211267355,-17.505462611589746,306.4412212457665,1.3016520970255891e-68
