Predictor,Hazard_Ratio,CI_Lower,CI_Upper,p_value
TOCI,1.0226729148209315,1.0146847399678744,1.0307239771255972,2.0997085730098778e-8
SGMP,0.2637877269679663,0.20764180598117435,0.33511539051647005,9.963719477427098e-28
