Predictor,Odds_Ratio,CI_Lower,CI_Upper,p_value
(Intercept),7.982423570489742,6.7457782647830395,9.45033207841178,6.943657795054073e-129
TOCI,0.9261700774526795,0.9148599072970954,0.9376152785738613,1.9657304382105032e-34
SGMP,0.02499288993145413,0.01652774520155228,0.03775641278161229,1.3016520970255891e-68
