SGMP_group,n,mean_lag,median_lag,pct_delayed
1,16040,589.3472568578553,446,64.56359102244389
2,16040,574.0342269326683,423,60.74189526184539
3,16040,598.2438902743143,400,55.36783042394015
4,16039,586.5860091028119,383,53.08310991957105
