Predictor,Odds_Ratio,CI_Lower,CI_Upper,p_value
(Intercept),7.43981939317439,6.396858303629437,8.655936347751004,3.6928087098057356e-149
TOCI,0.9268819667678077,0.9166868170026264,0.9371858653935031,2.750146801470442e-41
SGMP,0.02949334151821519,0.020372490281601586,0.042666714832285076,6.5815454540126625e-78
covid_period,0.6369147895703213,0.612153477727469,0.6626723944983628,3.647013167731938e-110
