Model,AUC,Cohens_d
LR Structural,0.5954449661504759,0.342
RF Structural,0.6161221656378338,0.418
LR Sponsor,0.6516631629638012,0.551
RF Sponsor,0.6771397250616222,0.65
