Model,AUC,Brier_Sponsor_RF
LR Structural,0.5954449661504759,NA
RF Structural,0.6161221656378338,NA
LR Sponsor,0.6516631629638012,NA
RF Sponsor,0.6771397250616222,0.23331864205541278
