decile,mean_predicted,observed_rate
1,0.18283331605587053,0.3038961038961039
2,0.278959251781259,0.3927272727272727
3,0.34193697230167114,0.467012987012987
4,0.395317197294927,0.5241558441558442
5,0.44494250660536305,0.597922077922078
6,0.49499984139692244,0.6446753246753246
7,0.5458060076019174,0.6706493506493506
8,0.6039452298798555,0.7006237006237006
9,0.6810922072789488,0.7271309771309772
10,0.8147494657802237,0.8045738045738046
