risk_tier,N,Observed_Delay_Rate
High,2343,0.7917200170721298
Moderate,11076,0.6425604911520405
Low,5828,0.3869251887439945
