risk_tier,N,Observed_Delay_Rate
High,2739,0.7626871120847024
Moderate,9304,0.6472484952708513
Low,7230,0.4268326417704011
