Feature,Importance
sponsor_delay_rate,0.07180523791637947
agency_class,0.020422594460870507
phase,0.018819918084243617
intervention_type,0.010880601805655683
responsible_party_type,0.009817328821998664
multinational,0.008380843562167492
allocation,0.008110819691713105
log_enrollment,0.0077917014500748765
masking,0.007478915420684988
covid_period,0.004849207737100771
healthy_volunteers,0.0039666182006346164
outcome_complexity,0.001541130214653974
gender,7.089519047712027e-4
