Chi_Square,DF,P_Value
1245.00210704852,2,4.4794786958662443e-271
