Feature,Importance
sponsor_delay_rate,0.06982490757230864
agency_class,0.019883823010274467
phase,0.018580654364663492
intervention_type,0.010006893924635432
responsible_party_type,0.009351143460935256
multinational,0.008737951163469464
allocation,0.007851798323448974
log_enrollment,0.00768406002026449
masking,0.007444356478964493
covid_period,0.004244679323525589
healthy_volunteers,0.003480148933102762
outcome_complexity,0.001306128343259944
gender,7.294622478795867e-4
