Var1,Freq
0,0.41560809862996617
1,0.5843919013700338
