agency_class,n,delay_rate
FED,1373,0.6729788783685361
INDIV,87,0.6781609195402298
INDUSTRY,29373,0.5423007523916522
NETWORK,643,0.6671850699844479
NIH,2090,0.6038277511961723
OTHER,30488,0.617456048281291
OTHER_GOV,187,0.5828877005347594
UNKNOWN,5,1
