agency_class,n,delay_rate
FED,1370,0.672992700729927
INDIV,87,0.6781609195402298
INDUSTRY,29353,0.5423295744898307
NETWORK,643,0.6671850699844479
NIH,2086,0.6045062320230106
OTHER,30428,0.6175233337715262
OTHER_GOV,187,0.5828877005347594
UNKNOWN,5,1
