Var1,Freq
0,0.41565233633222304
1,0.584347663667777
