Metric,Value
Min,0
Q1,348
Median,415
Mean,586.9632506303894
Q3,760
Max,1825
SD,392.3065526190884
IQR,412
