statistic,df,p_value,cramers_v
170.02091362719122,6,4.452038553931452e-34,0.06178331277922906
