covid_period,n,delay_rate,mean_lag
0,51747,0.6046147602759581,611.2887703634993
1,12412,0.500080567193039,486.0106348694811
