statistic,df,p_value,cramers_v
170.213535133953,6,4.052318949856077e-34,0.0617864039876036
