covid_period,n,delay_rate,mean_lag
0,51820,0.6044577383249711,611.0421844847549
1,12426,0.5004828585224529,486.54715918235956
