phase,n,delay_rate
EARLY_PHASE1,417,0.5827338129496403
PHASE1,4674,0.5539152759948652
PHASE1/PHASE2,3464,0.582852193995381
PHASE2,16005,0.6069353327085286
PHASE2/PHASE3,1148,0.6411149825783972
PHASE3,11795,0.5411615091140314
PHASE4,7038,0.5497300369423131
NA,19618,0.6086757059843001
