phase,n,delay_rate
EARLY_PHASE1,418,0.5813397129186603
PHASE1,4676,0.5541060735671514
PHASE1/PHASE2,3466,0.5830929024812463
PHASE2,16031,0.6068242779614497
PHASE2/PHASE3,1152,0.6414930555555556
PHASE3,11802,0.541009998305372
PHASE4,7042,0.5498437943765976
NA,19659,0.6085253573426929
